time,x,y,theta_rad,ps0,ps7,ps5,ps2,ps1,ps3,ps4,ps6,z_k_raw,d_k_kalman,estado
0.032,0.0,0.0,0.0,67.79212422639874,67.0684301241127,70.23625733432512,71.72911516248047,68.71471178911493,70.27284207699638,65.12323371561816,69.9682797330093,67.43,51.89,AVANZANDO_RECTO
0.064,0.0019,0.0,0.0,69.65102445933502,65.04791981242943,69.74630043932844,62.72145560694713,66.59716278911816,66.81719804950698,67.91515692747836,65.80231044871363,67.35,58.65,AVANZANDO_RECTO
0.096,0.0039,0.0,0.0,62.822918280007435,70.8050159716955,63.38677652571192,64.97159379863234,67.04181261225409,67.4289619275618,64.47864997406009,68.08024756492544,66.81,61.16,AVANZANDO_RECTO
0.128,0.0058,0.0,0.0,72.76020843703861,64.9405119371097,64.20646442918029,63.73115423201242,68.85290062479334,66.48059923421282,66.5327113795977,74.82776379635463,68.85,62.99,AVANZANDO_RECTO
0.16,0.0079,0.0,0.0,66.83767316804558,59.88680879021298,69.27001688675018,57.39907490458216,60.77796243616181,68.63013710310624,58.89512668185592,71.09819316326478,63.36,63.06,AVANZANDO_RECTO
0.192,0.0098,0.0,0.0,67.05578931199047,64.9923054327153,67.64144326000265,71.89432167303846,72.75844863056024,65.89048608150355,61.55329742905028,67.55304238632345,66.02,63.56,AVANZANDO_RECTO
0.224,0.0117,0.0,0.0,71.16212433205023,72.53495022642717,54.66788724248961,67.12673896939106,66.8273302930709,66.32599338023135,65.57367933306284,64.85075973104982,71.85,64.8,AVANZANDO_RECTO
0.256,0.0138,0.0,0.0,70.14256897284444,68.78820378143172,64.64161959475977,61.35353119302679,69.06712798467719,69.8331272980764,65.33383297651572,71.60147956838499,69.47,65.43,AVANZANDO_RECTO
0.288,0.0157,0.0,0.0,63.284387955928416,63.746205481911275,70.78224464206129,74.12034531958615,63.42266960946911,68.4568694730388,66.61464121437402,68.14640803173114,63.52,65.19,AVANZANDO_RECTO
0.32,0.0176,0.0,0.0,68.09786643640629,66.56417159222529,65.62216648323336,69.67955265263906,69.4194044118152,65.876334691924,73.48717565907434,66.45167333172259,67.33,65.44,AVANZANDO_RECTO
0.352,0.0196,0.0,0.0,68.15500764082111,73.45421843247843,66.99590158750681,60.3387528670366,66.60973873555463,64.81628776062458,67.73475469462775,67.1129761903214,70.8,66.02,AVANZANDO_RECTO
0.384,0.0216,0.0,-0.0,66.61884897556057,68.48916154555997,72.35805931929366,62.182255119418606,68.6791909262602,61.45962502793987,67.8788553899973,67.5776076592859,67.55,66.18,AVANZANDO_RECTO
0.416,0.0236,0.0,-0.0,69.8089163927495,69.76329198996213,70.9666572520742,66.02356361090541,65.16600472560347,71.23676795223558,65.37089541997756,70.7336362441394,69.79,66.53,AVANZANDO_RECTO
0.448,0.0255,0.0,-0.0,67.51036077066911,65.36160816712817,68.28440776068838,69.29532875800695,67.67297929552656,62.06946648486711,66.30708791724884,71.3196517196158,66.44,66.52,AVANZANDO_RECTO
0.48,0.0276,0.0,0.0,72.05570758177198,63.58387453688988,62.727858419068184,67.12451686069434,73.65669671443409,63.063389288891486,63.23479131612567,67.62864513043988,67.82,66.64,AVANZANDO_RECTO
0.512,0.0295,0.0,0.0,61.20973534693474,67.34719874909506,69.81161686957132,69.33403643362249,66.10801796624938,67.37587211248999,65.98725132236257,70.83771848343014,64.28,66.43,AVANZANDO_RECTO
0.544,0.0314,0.0,0.0,62.09980496563806,67.00608341256661,69.30811227741329,63.97857443854257,67.02902438839966,62.7770968956903,67.2133859354629,67.90401761869366,64.55,66.26,AVANZANDO_RECTO
0.576,0.0333,0.0,0.0,67.68560293462238,64.65618201947163,66.03006092252974,67.93551449444392,68.84568910579472,68.93266534337046,60.30423657014282,66.10870635596162,66.17,66.25,AVANZANDO_RECTO
0.608,0.0354,0.0,0.0,63.67526268489749,70.41759489663002,69.95946624903753,65.77056237111917,66.65255882211127,69.24433567175825,65.75628917288054,66.85984260952141,67.05,66.32,AVANZANDO_RECTO
0.64,0.0373,0.0,0.0,67.98643925551187,65.15718145869552,57.99336251098871,62.879301611515196,72.49250264138178,62.22424815227174,69.92697390725652,64.40344410122741,66.57,66.34,AVANZANDO_RECTO
0.672,0.0393,0.0,0.0,67.5216815757565,68.8061899604429,66.48074128735796,68.00210673660054,63.6217357561494,67.16666388645595,66.7193409479038,65.89950953293825,68.16,66.49,AVANZANDO_RECTO
0.704,0.0412,0.0,0.0,63.59491020911424,71.37169846118785,70.07303290827403,62.48480808713583,70.76433702472498,67.76150680946114,65.90611952637524,66.8569798510185,67.48,66.57,AVANZANDO_RECTO
0.736,0.0433,0.0,0.0,70.30293326684695,59.7798550276289,63.78834611737698,72.24533433367228,68.10968392290023,68.83517578254886,67.59186521978165,63.18959349112682,65.04,66.44,AVANZANDO_RECTO
0.768,0.0452,0.0,0.0,61.13992342024029,67.00692401750649,64.54200724186639,66.4682076704985,71.62685227003976,73.18001375996928,66.32879368162986,71.64057179342885,64.07,66.25,AVANZANDO_RECTO
0.8,0.0471,0.0,0.0,61.60455394270448,71.0005288591915,69.84891334879892,70.11542486395969,66.83039183891319,64.93063205367022,64.93473809872776,67.2797762737595,66.3,66.25,AVANZANDO_RECTO
0.832,0.0492,0.0,0.0,71.00232970353942,64.19443077571722,68.78600714611939,69.04923747046836,66.97532554235619,66.13298915438094,65.1814748731116,64.51813511627343,67.6,66.36,AVANZANDO_RECTO
0.864,0.0511,0.0,0.0,66.0489140725588,61.02928552364988,64.00172385323336,64.08473507772814,69.5200391717406,67.37941858184395,66.58705531443566,68.43477205938383,63.54,66.13,AVANZANDO_RECTO
0.896,0.053,0.0,0.0,68.19446888992493,77.66088018593223,69.33000903218414,64.70579087942907,62.73852068767644,64.82585171743116,66.5962860543612,72.36520865691129,72.93,66.67,AVANZANDO_RECTO
0.928,0.055,0.0,0.0,67.38995048102235,71.82952717308947,75.05963398062659,68.03143010633288,69.1459437570925,73.28201161373205,66.29680865927644,72.14225835230866,69.61,66.9,AVANZANDO_RECTO
0.96,0.057,0.0,0.0,70.05887111468668,67.68694847738888,65.84942502023796,68.10623313004513,68.45938644181113,69.47435152469842,64.81653064506779,67.63386395514527,68.87,67.06,AVANZANDO_RECTO
0.992,0.059,0.0,0.0,68.26566612316678,71.61977178193285,60.44383629667953,64.97994650145726,63.977090639753634,69.80364990706575,68.53292398688916,65.40960487042054,69.94,67.28,AVANZANDO_RECTO
1.024,0.0609,0.0,0.0,61.08304121625122,62.70426522033861,70.53305660734921,68.83450051222306,64.81566347712115,67.6713748985976,70.51400804883738,71.2331535049418,61.89,66.86,AVANZANDO_RECTO
1.056,0.0628,0.0,0.0,67.84275555263676,70.89638077656744,65.14656801546887,66.53523061676134,64.9620656935114,65.63433757572432,66.25912301548948,67.48781510112907,69.37,67.05,AVANZANDO_RECTO
1.088,0.0649,0.0,0.0,66.70523222625043,68.10650436049521,63.88653603785097,68.45714000787711,69.57860819154764,69.18179880543511,72.07228297753755,70.21240850830432,67.41,67.08,AVANZANDO_RECTO
1.12,0.0668,0.0,0.0,63.93030761970016,72.79515824438434,57.55679739069326,65.58889202253395,67.5460744203481,70.75142888342315,65.11530560947352,71.66891987614186,68.36,67.18,AVANZANDO_RECTO
1.152,0.0687,0.0,0.0,68.88363469423108,62.97697019426108,61.935876407789614,59.91759350751059,67.96822811360045,70.44373551592953,67.7424801385245,71.86714751410004,65.93,67.08,AVANZANDO_RECTO
1.184,0.0708,0.0,-0.0,64.86489478572544,68.41774510566636,62.83843825505532,73.33785553714537,64.37886847464853,66.57741822584765,71.62880599330025,69.73095253623872,66.64,67.04,AVANZANDO_RECTO
1.216,0.0727,0.0,-0.0,69.4342126191179,67.71404436049659,75.58882724563257,62.05856642316769,64.21991962298705,65.25175123494662,67.80903489616884,68.68228232622985,68.57,67.16,AVANZANDO_RECTO
1.248,0.0747,0.0,-0.0,67.1313692535349,67.76805542177145,62.994764953048524,64.69805490636143,69.08951836223979,62.681070036660934,69.4682444737883,75.48248510626301,67.45,67.18,AVANZANDO_RECTO
1.28,0.0766,0.0,-0.0,60.621618139376125,61.11794510113439,76.03938583535982,59.569401773136995,66.94680100554386,69.19499455455633,62.02708167082245,69.9486325112908,60.87,66.68,AVANZANDO_RECTO
1.312,0.0787,0.0,0.0,64.77210952035684,66.51169494972697,64.48290572699078,69.66056359446348,65.53997936878604,72.6940375791872,66.17111906584984,69.99155848327658,65.64,66.6,AVANZANDO_RECTO
1.344,0.0806,0.0,0.0,70.29119634312704,68.57975809255444,69.73584003581107,69.93316219838199,68.80899272795173,67.34808437071285,67.28677266615678,67.05759606860664,69.44,66.82,AVANZANDO_RECTO
1.376,0.0825,0.0,0.0,65.15052413343444,70.8206671296129,69.94049752351164,66.78943259857357,66.65324597400127,67.94418204503765,62.09191768294429,70.270211442569,67.99,66.91,AVANZANDO_RECTO
1.408,0.0845,0.0,0.0,68.34520883388896,67.05204824742592,56.08950405865785,58.75393259858488,68.66287926118123,63.2628671858288,65.32710422667913,70.21637712217183,67.7,66.97,AVANZANDO_RECTO
1.44,0.0865,0.0,0.0,68.63351018003742,66.73442120859,66.70782226324516,67.79922573429351,66.80157636609998,67.24734536447393,67.17563779130072,71.65718287312501,67.68,67.02,AVANZANDO_RECTO
1.472,0.0884,0.0,0.0,65.1365713039673,64.69402976096212,66.59063429282875,67.18921379490693,68.08960255206075,62.233255140879685,69.18939854752217,63.703116705044195,64.92,66.86,AVANZANDO_RECTO
1.504,0.0904,0.0,0.0,62.48991501690449,66.94675070478714,63.899993298387315,69.41174347983892,67.82043577354152,69.81582691180765,67.18394327187733,70.81674679132945,64.72,66.69,AVANZANDO_RECTO
1.536,0.0924,0.0,0.0,65.9944812720689,70.22348529640429,68.81013803977399,64.68913699776087,60.02375650040428,70.95986332135574,69.3481485108044,72.8475265885901,68.11,66.8,AVANZANDO_RECTO
1.568,0.0944,0.0,0.0,67.60971276276068,66.00593063955688,64.03271721709376,76.02879797028511,68.88603745226729,65.343085651339,64.83474407425334,67.93802567257471,66.81,66.8,AVANZANDO_RECTO
1.6,0.0963,0.0,0.0,71.37435306265381,65.07857736679142,69.04044910880235,64.84223933053164,70.46145313934758,68.31021747182376,72.37499725961365,73.19568649565149,68.23,66.91,AVANZANDO_RECTO
1.632,0.0982,0.0,0.0,61.153708158092876,63.08182565680517,71.6409636971672,67.0784423420995,70.02914755758012,70.57090202204975,68.86741852420542,71.13809733749356,62.12,66.53,AVANZANDO_RECTO
1.664,0.1003,0.0,0.0,70.2062665483798,67.10887273323281,70.65647426571985,61.744751397352715,69.22178520299991,56.29603695576607,67.0221934635917,75.24642881235398,68.66,66.69,AVANZANDO_RECTO
1.696,0.1022,0.0,0.0,69.1366384977363,71.51532887478574,68.11827349510001,67.88922161852614,67.9389440568884,63.56839898980187,65.9037950116283,64.42713139699228,70.33,66.98,AVANZANDO_RECTO
1.728,0.1042,0.0,0.0,60.904616637598785,67.03607790637399,63.2238058599672,64.31033178505707,62.424796409431096,66.07859960281249,69.54090068579498,67.87847909753154,63.97,66.74,AVANZANDO_RECTO
1.76,0.1062,0.0,0.0,72.45259490509656,62.8848646310633,67.11296046869715,69.88473976332524,63.653753735054835,70.08185658575935,70.58127762649228,71.312994493237,67.67,66.81,AVANZANDO_RECTO
1.792,0.1081,0.0,0.0,68.73590609219423,65.57290647603891,66.32377642536181,63.95483056952913,70.75931004939794,80.23126250212363,66.26385052191881,67.71128296518671,67.15,66.84,AVANZANDO_RECTO
1.824,0.1101,0.0,0.0,60.29108144058894,66.63059164575631,66.31780160049924,66.92486287064956,65.24262393575329,69.60200805888928,66.79734949288417,65.73243171238693,63.46,66.57,AVANZANDO_RECTO
1.856,0.112,0.0,0.0,75.4279720122619,71.96117762388212,72.41873490858967,62.2937760112908,70.94799503758614,69.02948346315296,71.59288471007,70.56430725403968,73.69,67.13,AVANZANDO_RECTO
1.888,0.1141,0.0,0.0,60.268951833539525,71.33692337953762,65.98768439985672,68.20473492719489,64.94076504418291,65.52863479497157,64.64478467360772,66.01569091757855,65.8,67.02,AVANZANDO_RECTO
1.92,0.116,0.0,0.0,61.885831857473555,74.6173265692092,67.77316842902326,66.73777752416605,66.83007372972597,64.99979602031999,68.35835465263028,66.4244239818531,68.25,67.12,AVANZANDO_RECTO
1.952,0.1179,0.0,0.0,70.76601770912937,72.23577039255221,72.27052635911721,66.7528023170123,61.350846987048335,72.9837479756856,70.87598078705322,73.21315056489235,71.5,67.46,AVANZANDO_RECTO
1.984,0.1199,0.0,0.0,60.78097719868294,69.71000640987208,62.36613524015855,73.22750144041524,61.83370242741243,64.86724428342217,65.07785437665501,65.11768848206705,65.25,67.28,AVANZANDO_RECTO
2.016,0.1219,0.0,-0.0,67.37960832659486,60.85448232322236,65.39336631259916,67.359157308597,65.39611023476327,66.48914204395744,66.94878966827245,60.76912695949774,64.12,67.03,AVANZANDO_RECTO
2.048,0.1238,0.0,-0.0,66.7032468900493,69.96420362073705,68.21566953357159,70.14534171632859,69.02788678797975,72.25377097741568,68.89109895805835,69.36731434582074,68.33,67.13,AVANZANDO_RECTO
2.08,0.1258,0.0,-0.0,67.83762730613402,68.18043214114003,69.19758469503473,66.07947359560752,71.7715731272238,61.67448689537143,69.81159376539952,70.93231058498534,68.01,67.2,AVANZANDO_RECTO
2.112,0.1278,0.0,0.0,70.5076591173661,75.63123849289813,63.60189397339675,71.64098208296406,68.9705864556402,66.69672940328348,68.18057905762288,66.52795674371947,73.07,67.66,AVANZANDO_RECTO
2.144,0.1298,0.0,0.0,66.08602105610824,66.79946687366517,64.24393581903186,69.94788411860655,65.96222757935644,69.44293349127345,64.82910953452918,68.07392591944078,66.44,67.56,AVANZANDO_RECTO
2.176,0.1317,0.0,0.0,66.72391550832374,70.0269417669678,67.9558259813901,71.9585549522836,70.43980736859605,68.49675584975803,65.13473390701677,70.63140301837716,68.38,67.62,AVANZANDO_RECTO
2.208,0.1336,0.0,0.0,63.34576561301847,74.71773851384467,65.7888138335684,62.4239318430636,67.99423429438481,69.60112812317875,61.295695229697984,63.58350940066161,69.03,67.73,AVANZANDO_RECTO
2.24,0.1357,0.0,0.0,60.36291461183162,69.10410288785047,70.67747152287592,65.43397256676309,68.2777564017274,66.0893510129268,68.73313269851249,66.46898891764022,64.73,67.49,AVANZANDO_RECTO
2.272,0.1376,0.0,0.0,68.36067932833865,71.53001024521781,70.65604750530879,72.6210761159648,66.30767644654853,67.47609299340326,65.69198910533196,58.09196201290661,69.95,67.68,AVANZANDO_RECTO
2.304,0.1396,0.0,0.0,68.7264704705018,62.58123120969895,68.47427935878972,71.497103600712,73.34689495630114,67.10641267869171,62.84561323853507,61.836619737671,65.65,67.52,AVANZANDO_RECTO
2.336,0.1415,0.0,0.0,68.56132646115717,71.31185980027549,67.15525873985092,65.85947891473536,58.56004292442853,64.54100808309028,73.11462426392612,64.59486369648887,69.94,67.71,AVANZANDO_RECTO
2.368,0.1435,0.0,0.0,65.26129212817548,68.4387569915544,68.13827292465997,63.22667930033483,65.91026597663539,67.35062020592301,71.24667284809901,72.63871276746922,66.85,67.64,AVANZANDO_RECTO
2.4,0.1455,0.0,0.0,64.81013447868897,64.7106811975101,69.90572404329295,64.49324059321401,70.97787578526203,68.19948265118204,68.09393280674762,61.21593629563273,64.76,67.41,AVANZANDO_RECTO
2.432,0.1474,0.0,0.0,69.03915285321173,65.30879983693104,67.51551842591557,63.052290810626296,64.4380991452073,66.69385660642774,68.32682938404744,66.7802261039468,67.17,67.39,AVANZANDO_RECTO
2.464,0.1495,0.0,-0.0,67.77168696535405,66.16316989963474,64.12851960613698,69.20896988821796,64.19135301044773,67.15719632653816,65.76196805202525,67.62314721203248,66.97,67.36,AVANZANDO_RECTO
2.496,0.1514,0.0,-0.0,65.48249230302575,70.79079678743362,70.92113073942767,64.42477938161218,67.12887860795017,64.74247312637199,66.08652614238137,66.41659100054699,68.14,67.42,AVANZANDO_RECTO
2.528,0.1533,0.0,0.0,70.59869007395541,65.60137246063553,72.15248524898136,66.88877254225334,71.69328188041202,69.14953110318035,67.10227093121689,62.530945685643665,68.1,67.47,AVANZANDO_RECTO
2.56,0.1553,0.0,0.0,64.23016064158219,71.11838989277229,63.30180169528046,67.52909671856949,60.94483766434069,64.87301974221579,64.01674909725796,68.95145196183556,67.67,67.48,AVANZANDO_RECTO
2.592,0.1573,0.0,0.0,59.832674288544,69.13723735200934,67.25067607222178,68.65989640597608,65.21559647380757,65.67348588467077,66.47263736958371,66.0736485378678,64.48,67.25,AVANZANDO_RECTO
2.624,0.1593,0.0,0.0,65.77550385139455,71.92590419699032,70.09581681119757,71.74454809069448,67.62566862489057,66.50309937159761,68.81334082833966,68.68249673997438,68.85,67.37,AVANZANDO_RECTO
2.656,0.1612,0.0,0.0,69.29070547317664,70.30367564669554,74.52529467645148,61.10606307275764,67.82640189663165,70.52757233351589,61.78794035811536,66.11525680792732,69.8,67.56,AVANZANDO_RECTO
2.688,0.1631,0.0,0.0,67.93520466652288,69.7482531874856,67.27249393096105,63.89527605199901,63.874942387277464,60.213860911734294,67.62909426605397,66.37628189975928,68.84,67.66,AVANZANDO_RECTO
2.72,0.1652,0.0,0.0,62.878848063033566,70.9829678040987,69.20899996018754,64.4500292650124,63.762372621254116,68.47988494715736,72.43247894195552,63.286353989616586,66.93,67.6,AVANZANDO_RECTO
2.752,0.1671,0.0,0.0,63.31035688223175,66.82993731702197,70.18000978295682,66.38223171279223,62.740252396378445,64.80726188489373,66.05301770713002,66.36927716369051,65.07,67.4,AVANZANDO_RECTO
2.784,0.169,0.0,0.0,70.49219948433083,69.84881064336533,67.22893714620433,68.6726784057722,66.67496626675727,70.68899513341692,68.3329119109219,70.0976197174393,70.17,67.61,AVANZANDO_RECTO
2.816,0.1711,0.0,-0.0,65.58070426648344,68.93950300486259,62.422318179642005,67.22930776766849,65.83258856588044,66.85372686454865,67.55419553052594,69.9599184576023,67.26,67.58,AVANZANDO_RECTO
2.848,0.173,0.0,-0.0,61.34995364993642,70.25356921721892,72.05188309268505,64.65956289011514,72.74303620089286,67.9389033685268,66.88847867335912,59.60214650989582,65.8,67.44,AVANZANDO_RECTO
2.88,0.175,0.0,-0.0,68.00648819466039,75.58912269614915,67.21435338711771,71.44573621646286,68.51087907757179,66.48454298724215,61.05451762052415,66.10287083663094,71.8,67.78,AVANZANDO_RECTO
2.912,0.1769,0.0,-0.0,69.59578310628815,68.4556110702302,64.86973621605188,62.03898654607213,65.32277139871869,69.96014874814706,69.91814019730457,67.46894585399006,69.03,67.88,AVANZANDO_RECTO
2.944,0.1789,0.0,0.0,64.79178938318461,68.13487056538186,70.83742439793207,78.149732965701,74.41264655746859,67.96307797919398,67.94959130453194,61.605275333483085,66.46,67.77,AVANZANDO_RECTO
2.976,0.1809,0.0,0.0,63.60838699323437,64.98553436669727,68.1182819047581,69.43613864861476,65.780101378131,63.946906037698284,71.89345474580362,58.248559176850485,64.3,67.49,AVANZANDO_RECTO
3.008,0.1828,0.0,0.0,68.32764581326215,66.86874069966451,60.77400632088593,65.2244668801733,62.00227108033511,73.33066130052421,65.65782305067998,70.20277284831322,67.6,67.5,AVANZANDO_RECTO
3.04,0.1849,0.0,0.0,69.04186430802119,68.13464477872323,74.41874090009141,70.23242410496366,66.00217620241338,67.73817970256371,63.1111224960643,63.104598852534465,68.59,67.58,AVANZANDO_RECTO
3.072,0.1868,0.0,0.0,67.24590520971445,65.31357526605306,74.1468400504248,62.555125992489415,64.5477293312462,66.86326960300892,70.30292868779102,71.5671377573753,66.28,67.48,AVANZANDO_RECTO
3.104,0.1887,0.0,0.0,68.61769208373626,65.43536554679173,64.58684544893144,68.1357089264743,62.29467299180721,63.06793836523535,64.62605579784494,64.97967507507182,67.03,67.44,AVANZANDO_RECTO
3.136,0.1907,0.0,0.0,70.93692358233122,69.45940684726948,70.56242970281671,67.52339737348429,68.47806460660456,67.14709833969734,64.19480357905546,69.54808073862633,70.2,67.66,AVANZANDO_RECTO
3.168,0.1927,0.0,0.0,66.77777676183692,67.78800136060256,69.3708056480975,71.8959371604506,64.42805889757393,67.0227857923605,67.94650355290216,72.65574184302338,67.28,67.62,AVANZANDO_RECTO
3.2,0.1947,0.0,0.0,68.28215426354151,65.0828052920554,63.780548629811825,71.5977597729276,63.82323979445705,58.749690399530145,70.31343445291611,66.97773988799433,66.68,67.55,AVANZANDO_RECTO
3.232,0.1966,0.0,0.0,73.94233252468666,64.59724591642353,63.153833731525566,71.58586284260691,72.71016828923536,72.09383605739302,70.49643758277317,66.71182513746172,69.27,67.68,AVANZANDO_RECTO
3.264,0.1985,0.0,0.0,72.18310041440203,61.25514033199267,74.90933664330512,67.24511781925048,65.42755692689627,69.3317645628427,67.65633414483378,62.98024378756488,66.72,67.6,AVANZANDO_RECTO
3.296,0.2006,0.0,-0.0,63.40853302708742,71.70354758576525,63.9106438011839,67.80904005135957,66.3485926299343,65.4365181474071,72.37687085580008,62.58694112769064,67.56,67.6,AVANZANDO_RECTO
3.328,0.2025,0.0,-0.0,66.27691178995171,61.18951271311178,69.64452355135332,70.02126567414683,72.78972445568337,65.41423363837292,64.67079162080555,59.813469828690046,63.73,67.29,AVANZANDO_RECTO
3.36,0.2044,0.0,-0.0,72.57355003383458,68.91105445623941,66.09515406838737,69.25675336996325,68.39698667999,69.45327874321785,65.4205484827168,60.53711941237126,70.74,67.56,AVANZANDO_RECTO
3.392,0.2065,0.0,0.0,63.687271205889544,68.48034660179016,64.51166753350303,71.32587630778119,67.14339372856682,64.50075522274518,64.68856967485128,67.44977058151771,66.08,67.44,AVANZANDO_RECTO
3.424,0.2084,0.0,0.0,71.26187474482774,66.56617508238577,65.42105337731037,67.22336896730368,70.8607124129427,65.47453761619605,66.77160628588945,67.19368215737953,68.91,67.56,AVANZANDO_RECTO
3.456,0.2104,0.0,0.0,65.73584105574949,63.59222379844891,67.653736944435,67.48454934562287,63.56572357153506,69.80570741217716,66.34550113621525,63.72385944537837,64.66,67.33,AVANZANDO_RECTO
3.488,0.2123,0.0,0.0,59.12470032948986,68.60213728051767,63.27599320047514,68.7592052581077,67.32333202531429,73.76808465838059,70.59951811170009,61.23253077903188,63.86,67.06,AVANZANDO_RECTO
3.52,0.2144,0.0,0.0,64.18905035798535,64.43814800314732,63.252471888298786,63.665916563199644,70.59181029970063,66.22866936590364,68.61091603913124,64.8805947021074,64.31,66.84,AVANZANDO_RECTO
3.552,0.2163,0.0,0.0,74.03503872046595,63.23630220348764,60.83043553544686,66.55574856816335,65.72477961567478,67.4436521144929,67.88552069996148,65.6916351001597,68.64,66.98,AVANZANDO_RECTO
3.584,0.2182,0.0,0.0,68.04586081768818,62.14592013976451,67.8168705217279,64.10473939282997,70.27980525708459,69.70202338421646,64.62473702306782,63.887511063412404,65.1,66.83,AVANZANDO_RECTO
3.616,0.2201,0.0,0.0,67.19207135257955,66.52364421107322,65.2015556460142,66.78224112627892,65.6447319750566,66.77653159301687,73.46112803892278,61.76147059767888,66.86,66.83,AVANZANDO_RECTO
3.648,0.2222,0.0,0.0,68.30417592445228,64.78014830045096,66.25950214151429,67.24151290511588,68.66865715690614,66.9164651647123,69.2014841202903,64.26247503673049,66.54,66.8,AVANZANDO_RECTO
3.68,0.2241,0.0,0.0,63.338577243608135,65.17984980582003,70.85438820024798,68.75556754953567,64.77831382202129,67.90038348999916,65.94946290336426,65.01430569018534,64.26,66.6,AVANZANDO_RECTO
3.712,0.2261,0.0,0.0,67.06090920549175,72.90083826916285,65.10676544752704,68.5278859748897,66.25617965312595,69.03776923967735,60.96954367925721,70.61821688658934,69.98,66.87,AVANZANDO_RECTO
3.744,0.2281,0.0,0.0,66.95661287858161,65.87062418596994,64.08754897734067,65.21718520973307,73.13764645712202,66.87026185856749,69.27087567447289,64.76464769218838,66.41,66.83,AVANZANDO_RECTO
3.776,0.2301,0.0,0.0,68.89152251938246,70.6158134628446,64.8327831737212,69.36624842715126,69.0357253079617,65.04806600779155,64.65237221568191,73.06961253713467,69.75,67.06,AVANZANDO_RECTO
3.808,0.232,0.0,0.0,70.01713705767929,68.02405915331768,69.83208151817946,67.19659694949229,71.70601414315469,67.94371504031358,62.4558847484987,72.79971001562903,69.02,67.21,AVANZANDO_RECTO
3.84,0.2339,0.0,0.0,65.12775001582355,67.11398541679762,63.09023132364535,64.95172058086668,68.73509993465375,70.39318038670375,72.13133040103295,64.27585723010651,66.12,67.12,AVANZANDO_RECTO
3.872,0.236,0.0,0.0,62.221170499832084,67.79369786256679,67.48268803516018,67.19104362865066,67.918835751805,70.00391340674945,66.33750493867463,70.04325021392702,65.01,66.95,AVANZANDO_RECTO
3.904,0.2379,0.0,0.0,68.57198649158245,66.51834581092753,68.79172104187823,69.72325874848676,65.30561435197725,57.34819951654914,61.810544856838725,67.66649652541633,67.55,67.0,AVANZANDO_RECTO
3.936,0.2398,0.0,0.0,62.741357078252506,62.78878000035506,66.85505135259895,66.29384152339894,67.95654954434787,64.42326256335467,64.39739073218738,69.23691376853601,62.77,66.67,AVANZANDO_RECTO
3.968,0.2418,0.0,0.0,68.6541066967871,70.40164845726241,68.14613842037133,69.81278848471014,65.64650339988916,63.783676947056485,74.85972836392035,72.52122161535414,69.53,66.89,AVANZANDO_RECTO
4.0,0.2438,0.0,0.0,63.61273271775925,60.416262485432235,62.068768550195976,61.43950004070192,73.87064552731735,66.0063135152754,67.45484931656928,58.37876417405093,62.01,66.5,AVANZANDO_RECTO
4.032,0.2458,0.0,0.0,67.29429356598513,70.21798838476265,68.75419524840224,66.0806387527418,61.84787761359256,62.42954667021663,69.6132775947583,65.13631347826757,68.76,66.68,AVANZANDO_RECTO
4.064,0.2477,0.0,0.0,69.15457076019166,63.5066894154129,70.15573778786478,72.76466108700649,69.4088128340314,66.10532352688894,62.50877737487683,67.83149521947152,66.33,66.65,AVANZANDO_RECTO
4.096,0.2498,0.0,-0.0,70.16092211464958,63.14294344815014,67.78446465572219,67.79133090417194,67.71335840176883,67.8131140091379,63.36441064753989,63.857773132485974,66.65,66.65,AVANZANDO_RECTO
4.128,0.2517,0.0,-0.0,64.33853481109279,67.24252521827722,64.93238440988519,69.18572522788725,74.67892704178037,68.45516431628847,64.29670730583739,67.42621589838764,65.79,66.58,AVANZANDO_RECTO
4.16,0.2536,0.0,-0.0,69.94150085125264,64.64545533686356,72.71223516447702,64.1463804380264,71.05253446347115,65.86309954349963,66.65059447540636,66.16165942448372,67.29,66.63,AVANZANDO_RECTO
4.192,0.2555,0.0,-0.0,64.35046199872325,67.38366840840658,69.02905705760517,66.81606807563696,68.84990856454671,68.04720633628479,72.39637377990078,71.64195415966064,65.87,66.57,AVANZANDO_RECTO
4.224,0.2576,0.0,0.0,68.55767477026036,65.2908228038838,67.73727097780977,69.74933448021063,67.48507445132341,66.58134161733699,69.07390472024996,68.87959626733969,66.92,66.6,AVANZANDO_RECTO
4.256,0.2595,0.0,0.0,60.98449355060235,63.82712644318421,56.23807356256071,72.82943419694763,67.39526788236716,66.56179996152207,64.16568586042652,70.7223857589629,62.41,66.27,AVANZANDO_RECTO
4.288,0.2615,0.0,0.0,67.23851169109348,69.6572456933259,62.34148143240878,63.76274901218828,68.13822953158653,61.33003855448474,65.26295134175786,60.385029595619464,68.45,66.44,AVANZANDO_RECTO
4.32,0.2635,0.0,0.0,71.48710521325958,65.51191917776,62.178899132746714,66.11619473058668,71.2036101760768,71.10944960159497,64.0697116500873,63.7572470443905,68.5,66.6,AVANZANDO_RECTO
4.352,0.2655,0.0,0.0,66.84506501871203,64.38671850683932,70.90607382473084,69.07343932409339,67.24558404697642,64.0328411400146,70.25888318671491,67.18162912639107,65.62,66.52,AVANZANDO_RECTO
4.384,0.2674,0.0,0.0,67.85657363093152,59.24585223856266,61.906742261138085,63.28459336966929,66.32325552179381,63.28996159795551,63.71976703750106,66.32992738827207,63.55,66.28,AVANZANDO_RECTO
4.416,0.2693,0.0,0.0,65.25337620761546,74.64733177081035,71.9864013228978,64.77284001847809,64.69269239896491,66.05797511112648,65.382273661827,65.82750390226234,69.95,66.57,AVANZANDO_RECTO
4.448,0.2714,0.0,0.0,68.58888459647903,68.62640401350974,66.24869363807692,69.14560649286213,63.19099492190657,68.76121381553317,69.6434460230615,62.65395981312349,68.61,66.73,AVANZANDO_RECTO
4.48,0.2733,0.0,0.0,69.45824979730648,69.0632615031162,68.1701772613364,65.3850920978442,72.35040216844001,68.36394343423203,69.38173164221328,68.34204007538588,69.26,66.92,AVANZANDO_RECTO
4.512,0.2752,0.0,0.0,72.87197360773766,67.73285431947568,65.46620319048621,60.98662631112432,67.58260108256745,65.99042260648353,66.82057359183618,69.96430919625675,70.3,67.19,AVANZANDO_RECTO
4.544,0.2772,0.0,0.0,74.4842948296132,65.40734682777288,61.329143106319194,69.48125006867384,64.10504169158261,66.913121699497,67.40461467175477,67.78842996467722,69.95,67.4,AVANZANDO_RECTO
4.576,0.2792,0.0,0.0,61.9986111199907,64.14171950096224,65.94803453577521,65.60116388161404,66.04410267823977,72.74729067436624,69.51091091292858,69.93691479741423,63.07,67.06,AVANZANDO_RECTO
4.608,0.2812,0.0,0.0,66.52479607829254,69.65607787233895,70.98710869667812,66.79911892133744,67.34276406005809,64.89405060180353,64.07537476779012,68.10188922953178,68.09,67.14,AVANZANDO_RECTO
4.64,0.2831,0.0,0.0,65.90812263861945,65.70351135054564,70.2481149947568,68.8699316276298,67.33965384318017,66.35429724929129,68.48078986885771,65.0692599437597,65.81,67.03,AVANZANDO_RECTO
4.672,0.2852,0.0,0.0,70.6482685204039,64.47638861938425,68.3306632980566,68.8624750968481,63.590857502270325,68.88664116917404,72.0071978386946,76.34694731601552,67.56,67.07,AVANZANDO_RECTO
4.704,0.2871,0.0,0.0,72.82419004505626,64.79484051511702,66.36988258681173,70.6509003230795,72.26859217557036,62.1625706370733,73.22720043547082,73.5865842224102,68.81,67.21,AVANZANDO_RECTO
4.736,0.289,0.0,0.0,63.249610909352015,70.34414409900349,64.87131083663385,73.81648286748525,61.11024414209911,68.37109321243268,67.13863575717782,66.90477908991667,66.8,67.17,AVANZANDO_RECTO
4.768,0.291,0.0,0.0,65.86101620109507,66.89483466182433,68.32635554235839,71.06848777820984,70.58822076555326,67.08554302001951,63.73987462782705,60.59911517242436,66.38,67.11,AVANZANDO_RECTO
4.8,0.293,0.0,0.0,65.99565043683128,67.3813504153878,67.4716846311254,70.68121085393145,65.7547005550852,64.69211753237602,60.49950408125152,66.08038559620618,66.69,67.07,AVANZANDO_RECTO
4.832,0.2949,0.0,0.0,73.90347353927008,63.974667855846725,65.5881632901659,63.741343823653274,69.89458488983773,62.21424556786889,65.65645710890144,65.44491848413003,68.94,67.22,AVANZANDO_RECTO
4.864,0.2969,0.0,0.0,68.99457322926986,61.82014878534003,66.11084225234062,67.08961820322881,73.19515915859704,64.81303185814178,71.1737251715125,69.98164787129556,65.41,67.07,AVANZANDO_RECTO
4.896,0.2988,0.0,0.0,70.00034342924152,63.88573214370267,66.42269614779309,60.98752872741188,62.05961393909282,68.98988051526005,69.57601780305099,63.12054742498274,66.94,67.06,AVANZANDO_RECTO
4.928,0.3009,0.0,-0.0,60.67732885884598,72.58473115995142,67.18902390263138,68.4554937390587,68.09969718031526,60.235603212429844,69.69710063513459,68.84692239906204,66.63,67.03,AVANZANDO_RECTO
4.96,0.3028,0.0,-0.0,66.80424161514716,61.42465641848882,61.162034159481614,64.82763607512078,68.808152338912,64.54431239002383,65.69594066362241,68.10126404260082,64.11,66.8,AVANZANDO_RECTO
4.992,0.3047,0.0,-0.0,66.27601915401507,66.0690520005602,66.78212208471135,62.27163185538159,69.73330584212029,67.51947280935391,67.5272296401291,70.14509562120311,66.17,66.75,AVANZANDO_RECTO
5.024,0.3068,0.0,0.0,74.29085672186261,64.13896468404165,68.26463388795581,67.50368884219863,71.76635520208256,72.52047201022434,69.37962960054163,66.28430523337734,69.21,66.94,AVANZANDO_RECTO
5.056,0.3087,0.0,0.0,66.06017338933395,61.95590667852057,68.78043797327088,67.19217342367764,65.68836393910999,59.74902280558688,66.51826946509148,64.1220256539603,64.01,66.71,AVANZANDO_RECTO
5.088,0.3106,0.0,0.0,67.1475714330736,68.4172108524812,58.6607288009578,66.32567768708294,66.94125453835075,64.8359374944482,74.90959412626019,63.460195437871405,67.78,66.79,AVANZANDO_RECTO
5.12,0.3126,0.0,0.0,65.02890841220187,63.47948022130154,61.726978427460395,69.29352208598783,71.96945411243645,71.49404243842102,64.98318956424544,74.2940626739452,64.25,66.59,AVANZANDO_RECTO
5.152,0.3146,0.0,0.0,72.95082362305331,71.2302426915379,69.80548057342277,65.84988490694629,71.26181527408112,60.04627228129664,67.51552471477754,66.83310432464084,72.09,67.02,AVANZANDO_RECTO
5.184,0.3166,0.0,0.0,59.60676809541395,76.4801722659458,67.90335065012526,73.11170640272246,67.82514891065856,72.08151561348468,69.51077401891682,68.0088481478,68.04,67.1,AVANZANDO_RECTO
5.216,0.3185,0.0,0.0,61.26758851522545,68.65163370170846,67.87755098799411,66.30251214049792,63.54488496104616,67.29489477372044,69.68335307935406,70.79987866855066,64.96,66.93,AVANZANDO_RECTO
5.248,0.3204,0.0,0.0,66.62180367495901,69.00809178740818,73.14355933997858,74.49980231271684,68.00007157366589,66.21532761398166,66.84523336739838,62.13702591804293,67.81,66.99,AVANZANDO_RECTO
5.28,0.3225,0.0,0.0,67.34316393099962,68.22503051937932,71.62252692777292,71.38783957044454,62.63531423561355,70.09408873543758,67.0604919223897,64.17741179505595,67.78,67.05,AVANZANDO_RECTO
5.312,0.3244,0.0,0.0,66.78940128050517,75.08626846163159,64.78886040075906,66.20970737080503,64.28408339989885,74.90959325993104,78.57029679707637,63.95164509263039,70.94,67.36,AVANZANDO_RECTO
5.344,0.3264,0.0,0.0,65.10607133549408,69.3043614533476,64.4170347220663,60.46740688352618,67.30268454545084,67.71544114933484,69.3545634987691,67.83310237442717,67.21,67.34,AVANZANDO_RECTO
5.376,0.3284,0.0,-0.0,65.24916511314251,66.37258844095366,65.34620255636408,68.20165510842264,69.53571920325169,72.60277102887613,64.38553503095717,68.69587437451582,65.81,67.22,AVANZANDO_RECTO
5.408,0.3303,0.0,-0.0,67.11523967246951,67.28020313922504,71.23055128411373,66.44768780051626,73.66217782964092,65.66890852736648,63.916540234680625,69.5987754269962,67.2,67.22,AVANZANDO_RECTO
5.44,0.3323,0.0,-0.0,70.61991296048323,65.79591786250518,72.00376828341457,60.942252403803465,62.21063011888645,64.47694576660125,67.59370702957966,66.30779245486423,68.21,67.29,AVANZANDO_RECTO
5.472,0.3342,0.0,-0.0,67.88570313475225,61.62308577457527,72.06074722169284,64.03452492794558,62.06165088133781,63.18891937025011,61.50056784045598,65.44007170619932,64.75,67.09,AVANZANDO_RECTO
5.504,0.3363,0.0,0.0,63.565086064149945,72.28425317827435,61.687232230668855,69.94839649193112,71.76084945261395,64.454179311842,66.62850111998637,62.30752184294944,67.92,67.16,AVANZANDO_RECTO
5.536,0.3382,0.0,0.0,66.69632611823131,69.0964090896977,67.10758531331632,69.40209554644494,66.0293747162227,62.98454540147675,61.39605992452569,74.21951335874986,67.9,67.21,AVANZANDO_RECTO
5.568,0.3401,0.0,0.0,65.41139324059296,70.10044929613004,64.97156700562833,69.28291603601087,63.776231524361286,66.78389623487296,68.15317654864137,64.873668718525,67.76,67.25,AVANZANDO_RECTO
5.6,0.3422,0.0,0.0,66.52975546767864,67.145790863529,62.98070649264889,66.95170389875801,63.93154217652547,69.13671385467633,67.5840668545461,73.33660025116725,66.84,67.22,AVANZANDO_RECTO
5.632,0.3441,0.0,0.0,70.41281035980957,63.67175174893762,68.8239080998882,69.72811540981364,62.89173456580262,69.11958717090266,67.15174987709229,70.9286499873357,67.04,67.2,AVANZANDO_RECTO
5.664,0.3461,0.0,0.0,72.71036610537845,67.62652366231134,68.9309111736499,74.34748891946853,64.70085552666788,66.48963791718022,67.5113396579041,61.31626401548496,70.17,67.43,AVANZANDO_RECTO
5.696,0.348,0.0,0.0,66.8427387029869,71.11571766513093,71.6445351402965,70.10452969496846,67.55149724620712,66.21796010051945,63.98753661790882,65.37283955226881,68.98,67.55,AVANZANDO_RECTO
5.728,0.35,0.0,0.0,69.88610074335125,66.86127235370951,70.41797734496306,66.78862345404434,63.642633765282206,61.02859074783059,69.8125961894321,60.5753069774571,68.37,67.62,AVANZANDO_RECTO
5.76,0.352,0.0,0.0,64.7099256228854,60.74554478250925,65.28062642873782,66.89831913842758,68.42510078184378,70.2566575216725,66.57040790221919,63.44679522310025,62.73,67.23,AVANZANDO_RECTO
5.792,0.3539,0.0,0.0,73.27015763525002,70.78391604087581,72.57844989940637,64.25321543274617,62.1678600956466,67.08737073548409,65.51759605725313,61.46208277496871,72.03,67.6,AVANZANDO_RECTO
5.824,0.3558,0.0,0.0,66.93576444629261,70.45973143472558,65.75159462206223,70.46963490511911,65.00690126859911,63.22608483690982,66.41069943765854,63.99260384038075,68.7,67.69,AVANZANDO_RECTO
5.856,0.3579,0.0,0.0,64.59474787597883,64.29718320688188,67.3586520417145,69.18103830183752,65.60268580786384,63.10158551580917,64.88859598673912,74.19096900704722,64.45,67.43,AVANZANDO_RECTO
5.888,0.3598,0.0,0.0,63.938543204770156,66.73218105373265,66.24160939066756,67.24439667963065,66.61093765636205,65.68486105137896,67.05185592240369,71.80176572763729,65.34,67.27,AVANZANDO_RECTO
5.92,0.3618,0.0,0.0,70.17436453508148,70.4848960311054,70.83419159606818,70.59293485220964,68.93079260134338,71.38540296798442,65.65676629161513,74.21236443169092,70.33,67.5,AVANZANDO_RECTO
5.952,0.3638,0.0,0.0,67.35150451248666,62.60996936462518,69.98230755710617,66.28958402667648,69.50877269630278,63.12737273255438,68.14328165772021,65.80968485093987,64.98,67.31,AVANZANDO_RECTO
5.984,0.3658,0.0,0.0,68.71556553218683,69.1380421088716,64.82864241873767,62.81108483129669,74.47003400056104,71.76452904917157,64.77955561566301,73.28464949768174,68.93,67.43,AVANZANDO_RECTO
6.016,0.3677,0.0,0.0,63.49943352126944,63.27460052317562,73.01788229266198,71.43049364105471,58.90880637224484,65.46204032504363,67.41799364853021,68.24226859854798,63.39,67.11,AVANZANDO_RECTO
6.048,0.3696,0.0,0.0,69.38683939105034,66.27319749358601,66.97075887419216,72.8049832695771,65.73138980251098,64.38406508808848,66.21295460772184,68.46561943575809,67.83,67.17,AVANZANDO_RECTO
6.08,0.3717,0.0,0.0,61.51960268930723,64.75782855887331,64.83718585565549,70.15257188026881,66.10272380408864,67.25049397686725,66.40422134923155,61.05564329346518,63.14,66.85,AVANZANDO_RECTO
6.112,0.3736,0.0,0.0,65.92249592568824,66.92542459205725,64.52790408556831,65.2756637853129,67.31208293395238,66.42457649001119,62.70012505349731,64.71220944172572,66.42,66.81,AVANZANDO_RECTO
6.144,0.3755,0.0,0.0,66.17817428681059,68.06556652485276,59.81643455012762,67.72025662816749,64.11943021336523,70.06098700906738,66.82664848234887,67.17555923051205,67.12,66.84,AVANZANDO_RECTO
6.176,0.3775,0.0,0.0,62.264949155519986,67.22290650265604,69.4800343468001,67.1987952486582,68.67016725694705,66.0416386950597,67.14067176444311,65.5838274862172,64.74,66.67,AVANZANDO_RECTO
6.208,0.3795,0.0,0.0,63.77346436847521,64.1314483538202,65.42429256556,64.79948744936195,66.92392091198626,65.94581738449352,65.61355996490704,66.35881508293947,63.95,66.46,AVANZANDO_RECTO
6.24,0.3815,0.0,0.0,65.19709356557614,64.41824439819462,67.22206230956188,69.3950587500738,67.5813260660889,63.76331192728715,68.33592167011284,64.16984820721959,64.81,66.32,AVANZANDO_RECTO
6.272,0.3834,0.0,0.0,70.19576620886389,69.95281456393279,69.69047277139768,69.97552261906671,66.70960406753949,71.98004390339435,66.6626964345138,71.75811348111341,70.07,66.62,AVANZANDO_RECTO
6.304,0.3854,0.0,0.0,67.6577074901461,63.468323520594105,65.30423844828839,67.71889411249724,67.59892859334579,69.2196705177232,65.09580340386391,63.83837627105993,65.56,66.53,AVANZANDO_RECTO
6.336,0.3874,0.0,0.0,65.29998339192213,60.997507311106034,75.32511601622082,70.23609219302186,68.33011186604054,67.55461996893303,63.8377322149125,65.1584374162885,63.15,66.27,AVANZANDO_RECTO
6.368,0.3893,0.0,0.0,64.86728033107745,66.40226064588029,61.242530075071926,66.19336563209917,68.58689546782554,63.112785180677676,66.37795500138468,66.07284075718509,65.63,66.21,AVANZANDO_RECTO
6.4,0.3912,0.0,0.0,69.3567135586375,68.4099494354058,64.80114124707464,67.87421815851695,71.78767801113038,65.7585981202268,64.53803981356015,66.40066326001417,68.88,66.42,AVANZANDO_RECTO
6.432,0.3933,0.0,0.0,65.73612604090287,65.24676606041918,70.53575778830758,70.12774089479424,65.18069049094665,67.15057493708784,64.02659310669175,66.4659684015476,65.49,66.35,AVANZANDO_RECTO
6.464,0.3952,0.0,0.0,71.10118220627608,68.58856438198099,69.18536969270204,66.88724733572967,66.20786012727602,64.48141253598861,69.90022060245404,64.00790539218694,69.84,66.62,AVANZANDO_RECTO
6.496,0.3972,0.0,0.0,63.35227148025809,68.78511117968426,74.82587857980471,65.30038747775649,68.29645633159232,66.22910913656324,65.09777649516971,66.11190292258647,66.07,66.57,AVANZANDO_RECTO
6.528,0.3991,0.0,0.0,69.60032601959377,70.44824757935382,66.351081556447,65.87105382861003,65.49650830737123,64.66583730684063,63.37563486127143,61.97110225575264,70.02,66.84,AVANZANDO_RECTO
6.56,0.4012,0.0,0.0,70.07210814456415,65.58813696500367,67.66824112771644,71.92285253271932,65.6571715735515,69.35795826730184,66.77789683650569,68.86664476275665,67.83,66.92,AVANZANDO_RECTO
6.592,0.4031,0.0,0.0,68.16722530173111,72.70686718193173,68.05341280686167,64.84187845917491,61.746556187563705,60.06796902205669,68.21324659394313,64.47141222398757,70.44,67.19,AVANZANDO_RECTO
6.624,0.405,0.0,0.0,68.30044750423151,73.63904586813312,64.11303051347842,70.44873455657752,69.7570883024058,61.89877014508837,68.53108886606506,64.63258524964311,70.97,67.49,AVANZANDO_RECTO
6.656,0.4071,0.0,0.0,71.22767840101962,70.12887500977462,69.07473970592244,68.75919532999299,65.34657942427711,65.85989046285437,59.97747797157029,65.40580790370947,70.68,67.73,AVANZANDO_RECTO
6.688,0.409,0.0,0.0,69.41876177314019,64.3469049769392,73.27608181111691,66.47688568525373,65.48021705746748,69.02605456663683,64.21380774649987,67.00004698060602,66.88,67.67,AVANZANDO_RECTO
6.72,0.4109,0.0,0.0,72.69025695623101,62.54944253591661,64.2068435588772,68.99747976531873,70.76984339953196,65.93873120411757,71.09152709783547,67.85093080746675,67.62,67.66,AVANZANDO_RECTO
6.752,0.4129,0.0,0.0,68.04637545134838,65.95499497900997,71.70632455417365,67.04899277959846,68.35902858103165,67.7404608849463,66.39584478454842,67.92269862095984,67.0,67.61,AVANZANDO_RECTO
6.784,0.4149,0.0,0.0,66.63914643099761,68.6109147280898,71.83089341975816,66.72133702725546,67.74981754412214,66.65950996886215,73.71508445252802,65.45220248378675,67.63,67.61,AVANZANDO_RECTO
6.816,0.4169,0.0,0.0,71.48307941106188,69.26660709810037,67.39892080019986,72.25092460940402,61.273770522461795,69.79469674937287,69.48574796738122,68.92744450159996,70.37,67.82,AVANZANDO_RECTO
6.848,0.4188,0.0,0.0,66.79186278754912,68.27677369751855,70.85755843082646,71.49608501279054,71.72679081356905,68.3774204307762,65.97491308866536,65.35985578865231,67.53,67.8,AVANZANDO_RECTO
6.88,0.4209,0.0,0.0,63.48905338436671,73.79166248161798,69.01501215152656,59.91783643417925,62.94466534553095,58.371712778856406,63.26069517641902,71.39548206569039,68.64,67.86,AVANZANDO_RECTO
6.912,0.4228,0.0,0.0,64.55491804187372,64.50282091831345,59.21302696906619,67.20014196376779,68.86676409587328,72.75659307938497,64.31849706127093,69.53200947842716,64.53,67.6,AVANZANDO_RECTO
6.944,0.4247,0.0,0.0,68.30748162241255,69.63647417204123,66.89462523292568,67.5773850227598,64.16289577154936,69.70082661659428,64.94964884891438,67.34428292380144,68.97,67.7,AVANZANDO_RECTO
6.976,0.4266,0.0,0.0,71.91467898128649,72.4801869916592,66.68044975976262,66.88558224403306,66.78613419960803,73.98843033815206,63.48405872944623,74.48456159911049,72.2,68.06,AVANZANDO_RECTO
7.008,0.4287,0.0,0.0,66.26564174709698,70.75548029120213,63.74342874943562,65.42691588604755,63.615883916258475,67.68803268975635,62.404145692230614,64.2652055633644,68.51,68.09,AVANZANDO_RECTO
7.04,0.4306,0.0,0.0,69.08798602381435,69.59050710449966,67.58880028958869,62.53824729601698,64.44928113486306,67.23636111137846,72.02299390910748,69.49623303943518,69.34,68.19,AVANZANDO_RECTO
7.072,0.4326,0.0,0.0,64.90410125055166,64.13330911472099,64.07067424595692,59.89024641642683,68.60062551812214,68.73505751608346,64.59488929543464,73.70350783024614,64.52,67.9,AVANZANDO_RECTO
7.104,0.4345,0.0,0.0,72.10965938422126,67.54687418610669,68.11285683072525,68.61384136112024,74.52899692473831,62.56081469501034,70.49953694896443,69.86724649909102,69.83,68.05,AVANZANDO_RECTO
7.136,0.4366,0.0,0.0,58.66625780475143,67.86580421001469,68.40549542513494,64.65223099621998,69.73185942229975,66.24455109181038,69.47606224643651,69.12745763633063,63.27,67.67,AVANZANDO_RECTO
7.168,0.4385,0.0,0.0,69.12468203367885,69.95847372370622,67.1271680249201,74.0781142397364,68.44992447341922,66.85158496982288,65.2149679361038,68.8408667954501,69.54,67.81,AVANZANDO_RECTO
7.2,0.4404,0.0,0.0,68.10431501274738,63.44213589690457,69.09853496597162,62.57413168877621,70.07459910168987,64.27719415113745,67.21509069786832,72.49420852832844,65.77,67.65,AVANZANDO_RECTO
7.232,0.4425,0.0,0.0,59.54145484204364,69.98527441888596,67.13994038856961,65.485640539105,65.9448398420237,62.95251480617766,65.1828622481234,70.0734604153342,64.76,67.42,AVANZANDO_RECTO
7.264,0.4444,0.0,0.0,66.1774921314445,67.23738260337392,67.44546605858582,57.41155415780793,69.4685901623326,67.64209303955096,69.13030352893836,69.00828923183676,66.71,67.37,AVANZANDO_RECTO
7.296,0.4463,0.0,0.0,67.72492793708173,70.28769517824662,69.50733876095852,63.08920946923034,68.1928800763299,67.767445496516,65.70006848804076,67.56842143743134,69.01,67.49,AVANZANDO_RECTO
7.328,0.4483,0.0,0.0,66.45637788495989,66.60850970332532,64.53575311948212,71.75047976037207,69.09143192493924,63.50290327697279,70.84120490808415,68.50030687055175,66.53,67.42,AVANZANDO_RECTO
7.36,0.4503,0.0,0.0,70.11184948530956,66.3825737093209,69.79154859519798,68.35591157555052,67.44095342266573,68.74706277638404,65.53738832961126,70.24873354561869,68.25,67.48,AVANZANDO_RECTO
7.392,0.4523,0.0,0.0,56.66975668835652,64.07692838253212,63.69425423627435,62.761693632708855,66.80685263838082,74.4100567484584,64.68048516225159,63.23046684624361,60.37,66.92,AVANZANDO_RECTO
7.424,0.4542,0.0,0.0,62.22381010304207,67.05074758214414,67.20463247521654,70.20986061899332,68.69968542688483,69.52722185199283,70.41702038232548,62.08885044114858,64.64,66.74,AVANZANDO_RECTO
7.456,0.4561,0.0,0.0,66.97556073401692,68.8351037887729,63.43868861087764,67.02020821842133,67.41633008484234,68.77118645948528,63.13166309524991,68.50067333264849,67.91,66.83,AVANZANDO_RECTO
7.488,0.4582,0.0,0.0,63.35658808830009,67.18075938322342,69.43982709727959,71.92895786795552,68.98221058882905,68.34987018566532,66.818906206906,64.41410104108616,65.27,66.7,AVANZANDO_RECTO
7.52,0.4601,0.0,0.0,65.11046104974724,62.15704353603053,69.17892226147399,69.62844124485835,67.06856028208726,62.23843201849015,68.86201763280474,68.51124698761913,63.63,66.46,AVANZANDO_RECTO
7.552,0.462,0.0,0.0,63.163075790547865,71.90185800032485,62.97419010972786,69.58980277794434,69.23675522959948,65.09539127378785,65.27435478341965,73.44048272649503,67.53,66.54,AVANZANDO_RECTO
7.584,0.4641,0.0,0.0,68.58962234142274,72.1495334820569,67.2528894115743,69.2754484160511,67.71899588400868,66.66737874674016,65.16132375986128,68.09014545820956,70.37,66.84,AVANZANDO_RECTO
7.616,0.466,0.0,0.0,68.07371330790501,70.26186076340757,68.17458659621205,71.13502216091173,69.40140432069862,62.35743280854282,71.96582677902246,64.56862914170176,69.17,67.02,AVANZANDO_RECTO
7.648,0.468,0.0,0.0,63.71471308906272,71.5632812843863,64.3745682223883,70.35950346948742,73.01277722512185,64.51092153275106,65.49765204237659,62.7422512840409,67.64,67.07,AVANZANDO_RECTO
7.68,0.4699,0.0,0.0,68.5877546219362,62.20046419544113,64.39415207606177,67.84412094473598,64.84372752381918,67.12539114518434,65.56031931073514,65.78634899010278,65.39,66.94,AVANZANDO_RECTO
7.712,0.472,0.0,0.0,67.59507970687955,65.91136728401496,65.70054503250327,70.24032267671184,66.2056926375388,71.88735198020214,62.888655788772496,64.69594312079154,66.75,66.92,AVANZANDO_RECTO
7.744,0.4739,0.0,0.0,66.48563709418725,70.50497312533948,64.02064417006704,65.16209218387054,60.166903201356725,72.14817651950415,69.94406277331983,68.22472649717405,68.5,67.04,AVANZANDO_RECTO
7.776,0.4758,0.0,0.0,69.22145013637889,68.75275596329983,65.17172344874602,67.75459265479222,69.77559586098388,65.6471900781735,71.59936328170731,69.48118149328829,68.99,67.19,AVANZANDO_RECTO
7.808,0.4778,0.0,0.0,71.94939366079946,69.50756103925954,59.86912246008922,64.73521546911662,65.24298267243171,71.22687090756732,69.51936539893761,63.308129926725705,70.73,67.47,AVANZANDO_RECTO
7.84,0.4798,0.0,0.0,66.28234164215483,66.18347870650499,67.15979132226394,67.58121628770373,69.77062163828523,69.13488574235502,66.41805396706151,65.41347408579507,66.23,67.37,AVANZANDO_RECTO
7.872,0.4817,0.0,0.0,70.04005765725242,66.83508300739098,71.19342985776147,66.28443254627639,58.77309926111499,69.33206070590425,72.96769740686368,68.12124960433947,68.44,67.45,AVANZANDO_RECTO
7.904,0.4837,0.0,0.0,64.571962978784,66.64532860077601,69.08367442333508,66.43229454351842,68.0453721934558,68.5638542389336,71.6312899193559,65.2803439790888,65.61,67.3,AVANZANDO_RECTO
7.936,0.4857,0.0,0.0,66.14356039974447,69.82220339645185,65.18774519136787,62.42388425151373,67.0393807980165,65.29515030591433,64.19288536224578,71.19494934994621,67.98,67.36,AVANZANDO_RECTO
7.968,0.4877,0.0,0.0,64.71546412039652,62.016906402012296,64.45599483489434,64.48196923650046,69.80443719277014,66.99091793686765,66.9475910011199,65.34947892827668,63.37,67.04,AVANZANDO_RECTO
8.0,0.4896,0.0,0.0,69.22295959134034,71.5151520018162,62.53821625820706,64.80884255516615,67.6260164081843,68.1068280012739,74.96762191135637,68.50368891282746,70.37,67.3,AVANZANDO_RECTO
8.032,0.4915,0.0,0.0,66.55801726647493,68.28972142391459,69.67556086008874,61.71348475220431,68.17781489944825,75.03155846720344,71.39637412204176,64.770977797207,67.42,67.31,AVANZANDO_RECTO
8.064,0.4936,0.0,0.0,63.937648727580225,69.3325260822245,70.70214792522083,65.64738676834979,64.55477247011109,64.20988311175054,65.78836258400027,58.61256776009983,66.64,67.25,AVANZANDO_RECTO
8.096,0.4955,0.0,0.0,70.86043084292936,66.6275656661109,66.49548936308365,66.20224930059854,69.38584797511163,66.78054178353248,58.43883027361349,67.8809060972446,68.74,67.37,AVANZANDO_RECTO
8.128,0.4975,0.0,0.0,64.81505008331384,69.11784339791994,67.1369086526683,67.90408101211985,73.56748608997464,68.04159709332556,68.54223158623428,68.7327261893151,66.97,67.34,AVANZANDO_RECTO
8.16,0.4994,0.0,0.0,70.23107386931568,60.559680601489355,73.08131142141646,69.02101842584366,70.43527228379133,61.29728898780191,65.95714596192636,74.0604337323051,65.4,67.18,AVANZANDO_RECTO
8.192,0.5014,0.0,0.0,63.35419002122878,65.68534023400352,68.66712315601912,66.20331292906276,69.798983157386,64.73278012017289,65.5568915085403,67.82906053925753,64.52,66.97,AVANZANDO_RECTO
8.224,0.5034,0.0,0.0,68.87320304391052,68.2701636273471,63.279390440676664,63.72386403758551,61.68205751552601,70.96378787376953,65.16156183934693,70.19736334742579,68.57,67.09,AVANZANDO_RECTO
8.256,0.5053,0.0,0.0,66.13627620292623,68.6401357204972,67.88211183732176,66.52866599172984,70.21082246286771,69.50940975721694,69.25773879387576,64.70221713960088,67.39,67.12,AVANZANDO_RECTO
8.288,0.5074,0.0,0.0,66.0883911234001,66.87188991269002,65.84328507542318,65.31759264979787,63.521779055326256,63.04423063995532,63.87606087109779,67.3154666698808,66.48,67.06,AVANZANDO_RECTO
8.32,0.5093,0.0,0.0,74.45328265962246,70.63946662219782,65.06877977577487,65.3086038602395,61.998572014293195,73.81146963799529,65.01758507337426,69.64624935036782,72.55,67.49,AVANZANDO_RECTO
8.352,0.5112,0.0,0.0,66.99738691760977,64.40611796335381,64.74973897802987,68.35210517365232,68.26034876982263,66.54950851599567,66.39153303697076,66.33955472176343,65.7,67.35,AVANZANDO_RECTO
8.384,0.5132,0.0,0.0,70.75367020945798,71.90290802728666,68.80845860396224,64.91985189166519,68.02390821243556,67.78927015839106,67.70908412236231,63.47575840816592,71.33,67.66,AVANZANDO_RECTO
8.416,0.5152,0.0,0.0,67.88816819539042,67.18266460689614,65.16789976349143,68.01454462945482,66.42068704319543,70.90148582046437,68.80933976306818,70.83695986883258,67.54,67.65,AVANZANDO_RECTO
8.448,0.5171,0.0,0.0,66.85478274466098,65.71837992203676,70.0294095150026,69.36174518504981,72.91183415767375,68.50358849617216,66.56632957067457,65.5320582895335,66.29,67.54,AVANZANDO_RECTO
8.48,0.5191,0.0,0.0,65.96296616578792,67.6772305632599,67.6630029007079,72.61537702166369,68.69980066005449,67.88002375475062,65.66359775612456,69.73785326040435,66.82,67.48,AVANZANDO_RECTO
8.512,0.5211,0.0,0.0,63.12315416781499,64.15090680862663,63.80051181709887,72.61328185355407,63.42699864339632,69.1588601521558,65.71994093109994,72.88812715076284,63.64,67.18,AVANZANDO_RECTO
8.544,0.5231,0.0,0.0,64.5649471996903,68.16471723432582,69.98426094453501,70.0124368894253,66.18430740998946,72.44816510991657,65.80813361262032,73.29464230945818,66.36,67.11,AVANZANDO_RECTO
8.576,0.525,0.0,0.0,70.28467909632232,61.50285862789802,68.47400217562092,70.6688450677464,65.22922220652782,70.1799484363189,64.68631487522372,70.21804052769531,65.89,67.02,AVANZANDO_RECTO
8.608,0.5269,0.0,0.0,69.72434969629474,67.40348965526023,63.60946196765908,65.69419088228788,62.23253466457559,62.27024448699909,64.91214066964606,67.44598576815648,68.56,67.14,AVANZANDO_RECTO
8.64,0.529,0.0,0.0,69.06347870600017,68.94424472157279,71.17596003734128,65.05480864912752,68.6162608771285,68.47561726853016,65.60529284468976,67.40786743529675,69.0,67.28,AVANZANDO_RECTO
8.672,0.5309,0.0,0.0,71.2192230998467,65.96422135035017,64.84816414626574,72.207486360439,68.31520450943454,67.50880361449039,71.49281540478559,67.93182531735651,68.59,67.38,AVANZANDO_RECTO
8.704,0.5329,0.0,0.0,62.44230937020462,71.53820923805928,63.90811990557725,63.72234957611921,69.85283736968938,67.8565236392997,68.52005960622905,67.11005132848474,66.99,67.35,AVANZANDO_RECTO
8.736,0.5348,0.0,0.0,67.92292721426281,69.66208885076199,63.47932345287916,67.98294986035289,62.82189718957464,61.35301525633267,69.39236701055462,68.42637045268259,68.79,67.46,AVANZANDO_RECTO
8.768,0.5368,0.0,0.0,61.26114815137732,66.1026280257563,62.436980128776774,69.91794083766682,63.20819444988412,70.14842459596348,69.11853459445423,69.50812035246963,63.68,67.16,AVANZANDO_RECTO
8.8,0.5388,0.0,0.0,65.21711914238072,66.89875204152885,60.099396428285395,67.3102086106497,69.99917457773974,63.04698493516551,66.45187710358339,60.42537645813429,66.06,67.07,AVANZANDO_RECTO
8.832,0.5407,0.0,0.0,66.64698397396701,70.95509006231059,70.84540541739035,66.09298731487394,69.30080044229847,67.2102405270986,67.03161025557789,70.45094979599043,68.8,67.21,AVANZANDO_RECTO
8.864,0.5428,0.0,0.0,65.68988278945083,63.674680119716115,67.89610109518527,64.21933773585387,70.43350420369437,72.50758555001505,65.1330507456922,70.38816638244114,64.68,67.01,AVANZANDO_RECTO
8.896,0.5447,0.0,0.0,65.85851632514542,65.43125810826808,67.45223149039155,69.47805270958402,66.63052095859014,67.86606792216523,64.01680508039556,64.10645634639609,65.64,66.9,AVANZANDO_RECTO
8.928,0.5466,0.0,0.0,60.601688122703486,63.04033494799962,65.95317249462859,62.98097108565595,75.9990220888159,69.21091013485164,66.17045047012301,67.09186914311299,61.82,66.5,AVANZANDO_RECTO
8.96,0.5486,0.0,0.0,69.09591394009968,70.33483027137018,65.47572674014201,71.45823688766404,69.68970094125926,60.51314287584227,69.94329273838268,74.25597078657734,69.72,66.75,AVANZANDO_RECTO
8.992,0.5506,0.0,0.0,64.30411361048691,69.69767650083419,70.87382950134547,68.9382071948876,65.34792180443344,70.6548090004266,73.32782041538196,66.5792596042413,67.0,66.77,AVANZANDO_RECTO
9.024,0.5526,0.0,0.0,66.39821695417541,70.59879956487337,63.20177119214129,64.27879738892935,70.5173248222888,68.11025086375085,67.47119078869753,74.2623546295994,68.5,66.9,AVANZANDO_RECTO
9.056,0.5545,0.0,0.0,68.18989810706987,62.55375324664799,67.57630189921298,63.83016947104607,66.19078016553388,71.39091419602742,66.48758647299418,67.30259883397488,65.37,66.78,AVANZANDO_RECTO
9.088,0.5564,0.0,0.0,66.35063316133044,70.61299114939428,62.14506863870923,65.9999499627441,62.01494480466698,66.81524204501406,72.30160970556858,61.81483874300116,68.48,66.91,AVANZANDO_RECTO
9.12,0.5585,0.0,0.0,70.28468885051342,65.54460220183114,66.0893010212367,68.47164081880756,68.91121527760598,64.88151539515185,62.556838743745125,73.08075329936943,67.91,66.99,AVANZANDO_RECTO
9.152,0.5604,0.0,0.0,64.750919879087,63.98366709505021,65.86022350921483,64.5726883155095,66.21954230714437,66.30722748755389,64.18913720128297,66.56716252188913,64.37,66.78,AVANZANDO_RECTO
9.184,0.5623,0.0,0.0,56.04013993878939,68.98343024477518,65.7588116235546,68.48645796835247,60.28616640808438,68.84542451274301,72.5850702327351,67.20232550090655,62.51,66.44,AVANZANDO_RECTO
9.216,0.5644,0.0,0.0,65.92279483674892,69.86473606634391,66.60774814762173,64.56641170582348,68.01392528032528,65.20804192663596,60.26913213765639,66.29876894835951,67.89,66.56,AVANZANDO_RECTO
9.248,0.5663,0.0,0.0,66.81441352740174,65.97195720367596,70.49167851205046,66.47256013757017,67.1660068130048,70.60604390493864,67.266608811245,71.53618867996514,66.39,66.54,AVANZANDO_RECTO
9.28,0.5683,0.0,0.0,62.888644290863965,66.70949362864667,65.27664940295952,62.43664014527368,68.9133121044067,66.9759634538953,73.53305881933179,65.24689320808072,64.8,66.4,AVANZANDO_RECTO
9.312,0.5702,0.0,0.0,65.65242234563254,68.86197520385431,66.4465200744369,69.22336880917481,69.1577734183396,70.00564979113065,63.04324338436628,60.59430367642784,67.26,66.47,AVANZANDO_RECTO
9.344,0.5722,0.0,0.0,71.88873339506542,68.3140898539537,71.35472892087458,66.58534208875723,69.95192568477297,68.6158682402502,68.4490248721964,63.26580766522301,70.1,66.75,AVANZANDO_RECTO
9.376,0.5742,0.0,0.0,68.42830129232395,66.61595381777066,73.4299051732841,64.48718663687526,70.84382649777997,66.05629220088032,73.200998001422,73.13561501303165,67.52,66.81,AVANZANDO_RECTO
9.408,0.5761,0.0,0.0,70.78077196916679,67.61961380455442,67.85723649062592,72.8183925414157,62.13351569135825,66.65736141975448,63.86288606228752,64.0398929194582,69.2,67.0,AVANZANDO_RECTO
9.44,0.578,0.0,0.0,70.006954306222,67.66680448917668,61.92860047808459,68.15776782378211,67.73048783629442,65.96393109929244,70.36882710292107,67.62549500479334,68.84,67.14,AVANZANDO_RECTO
9.472,0.5801,0.0,0.0,66.55500137205657,62.9870278424167,71.17500416556133,63.588308846491856,62.97311395544433,63.07754029908079,65.65474806916075,69.01249930940635,64.77,66.95,AVANZANDO_RECTO
9.504,0.582,0.0,0.0,72.34962823577574,66.13872962921673,62.20783061996258,62.211992242351556,64.5676120776512,64.22947090942628,72.57438622678788,65.33782222576151,69.24,67.13,AVANZANDO_RECTO
9.536,0.584,0.0,0.0,67.79810657074057,66.30095975930054,65.18314707373398,66.91015331267134,66.61876893506333,61.74260881744181,67.59461123465786,67.53025432487753,67.05,67.12,AVANZANDO_RECTO
9.568,0.586,0.0,0.0,64.87753800770832,67.38773075244902,63.512438087583156,71.01837940404569,72.09552765314359,72.88452825625014,69.8874045787353,69.69795496598084,66.13,67.04,AVANZANDO_RECTO
9.6,0.588,0.0,0.0,65.91702002862529,67.52466663926971,70.1471599769043,61.70091804096494,66.74883115153493,68.65342302564778,65.47135477858022,68.76710640383187,66.72,67.01,AVANZANDO_RECTO
9.632,0.5899,0.0,0.0,68.03732331413005,62.426239757934205,62.61545651092826,70.11259048752144,67.6873859493333,67.72291276965913,72.41331077559587,62.960285037141055,65.23,66.87,AVANZANDO_RECTO
9.664,0.5918,0.0,0.0,66.83734791449064,63.231204899135676,71.83593717888759,69.54158653313635,67.9588859575696,69.58583922334667,68.27880018015557,72.73885837926154,65.03,66.73,AVANZANDO_RECTO
9.696,0.5939,0.0,0.0,63.5840540730814,69.358662041689,70.85553416775758,63.484075642559944,65.6160955226796,67.3099016510328,66.27642556635374,64.42375122775488,66.47,66.7,AVANZANDO_RECTO
9.728,0.5958,0.0,0.0,63.57081141054887,65.01578267851926,71.4535750814029,69.98781292773796,65.73705352181118,67.5283492694727,64.77859284172523,64.00757288540507,64.29,66.51,AVANZANDO_RECTO
9.76,0.5977,0.0,0.0,69.17434360538417,69.83770993714184,65.79015690470656,67.25164746898416,69.57447701784024,67.79704210985184,69.6379960987673,65.94402002366058,69.51,66.75,AVANZANDO_RECTO
9.792,0.5998,0.0,0.0,66.90141340971621,64.13594070698393,68.22014917862191,66.12150705191148,75.02316911994659,68.96134403421246,63.78937078999011,72.86257150452302,65.52,66.65,AVANZANDO_RECTO
9.824,0.6017,0.0,0.0,77.3208622956346,66.75827253688432,65.10669740755075,66.40053507428198,65.56591919262274,64.33711411401114,67.46987019092876,68.1486467867301,72.04,67.07,AVANZANDO_RECTO
9.856,0.6037,0.0,0.0,65.5195290540403,73.50901087974135,71.60309568500635,68.78044146409744,70.63936769173291,63.65408690917028,67.2986589924579,71.5453344717571,69.51,67.26,AVANZANDO_RECTO
9.888,0.6056,0.0,0.0,66.31234005606213,65.36063730344306,69.28067509462126,66.82804922124677,66.25224455216268,67.89129531454505,60.263626425045295,65.97704167387185,65.84,67.15,AVANZANDO_RECTO
9.92,0.6077,0.0,0.0,65.32702753136729,61.46280018984712,69.93692026286158,64.13952494293156,66.29420284994025,65.71441280979961,69.94495455711397,65.54114313297862,63.39,66.85,AVANZANDO_RECTO
9.952,0.6096,0.0,0.0,68.38628580625148,64.57149307062406,62.04575795040406,65.54522791181793,65.61666817248863,71.9592646743014,66.22199460726121,68.36801498193708,66.48,66.82,AVANZANDO_RECTO
9.984,0.6115,0.0,0.0,69.52353969920165,63.061051069223545,70.38979396173936,69.91810118252445,66.4737950577017,61.783454259324834,66.83664936555799,68.44976617539358,66.29,66.78,AVANZANDO_RECTO
10.016,0.6134,0.0,0.0,68.55921129271378,62.03676108925885,66.70013235905306,62.611610525350926,63.958903215318415,68.33352477525604,66.74565089876072,69.06047074071081,65.3,66.66,AVANZANDO_RECTO
